"","entity_id","name","min"
"1","101106","Andrew Bogut",175
"2","101107","Marvin Williams",1756
"3","101108","Chris Paul",2037.6
"4","101109","Raymond Felton",872
"5","101112","Channing Frye",518
"6","101123","Gerald Green",1201
"7","101127","Jarrett Jack",1548
"8","101133","Ian Mahinmi",817
"9","101139","CJ Miles",784.333333333333
"10","101141","Ersan Ilyasova",1023.75
"11","101150","Lou Williams",1731.4
"12","101161","Amir Johnson",849.5
"13","101162","Marcin Gortat",1413
"14","101181","Jose Calderon",773
"15","1626143","Jahlil Okafor",525.5
"16","1626144","Emmanuel Mudiay",1233.66666666667
"17","1626145","Tyus Jones",1390.8
"18","1626147","Justin Anderson",350
"19","1626149","Montrezl Harrell",1671.4
"20","1626150","Andrew Harrison",756
"21","1626151","Aaron Harrison",233
"22","1626153","Delon Wright",1563
"23","1626154","RJ Hunter",35.5
"24","1626155","Sam Dekker",836
"25","1626156","D'Angelo Russell",1675.6
"26","1626157","Karl-Anthony Towns",2149.4
"27","1626158","Richaun Holmes",1205.6
"28","1626159","Justise Winslow",1054.8
"29","1626161","Willie Cauley-Stein",1288.8
"30","1626162","Kelly Oubre Jr.",1938.8
"31","1626163","Frank Kaminsky",852.6
"32","1626164","Devin Booker",2230.8
"33","1626166","Cameron Payne",758
"34","1626167","Myles Turner",1694.2
"35","1626168","Trey Lyles",1123.8
"36","1626169","Stanley Johnson",1044.8
"37","1626170","Jerian Grant",901.666666666667
"38","1626171","Bobby Portis",1531.6
"39","1626172","Kevon Looney",1100.8
"40","1626173","Rashad Vaughn",212
"41","1626174","Christian Wood",1248.75
"42","1626175","Jordan Mickey",284
"43","1626177","Dakari Johnson",161
"44","1626178","Rondae Hollis-Jefferson",1096
"45","1626179","Terry Rozier",2148.4
"46","1626181","Norman Powell",1456.8
"47","1626184","Chasson Randle",540
"48","1626185","Jarell Martin",994.5
"49","1626187","Michael Frazier",145
"50","1626188","Quinn Cook",616
"51","1626191","Chris McCullough",90
"52","1626192","Pat Connaughton",1439.2
"53","1626195","Willy Hernangomez",652.4
"54","1626196","Josh Richardson",2042.8
"55","1626199","Darrun Hilliard",95
"56","1626202","Joe Young",558
"57","1626203","Treveon Graham",897.666666666667
"58","1626204","Larry Nance Jr.",1348
"59","1626208","Keifer Sykes",566
"60","1626209","Mario Hezonja",1244.66666666667
"61","1626210","Alan Williams",48
"62","1626220","Royce O'Neale",1887.2
"63","1626224","Cedi Osman",1586.2
"64","1626245","Cristiano Felicio",548.25
"65","1626246","Boban Marjanovic",364
"66","1626253","Axel Toupane",61
"67","1626257","Salah Mejri",564
"68","1626259","Malcolm Miller",118.333333333333
"69","1626780","Jonathan Gibson",40
"70","1627098","Malcolm Delaney",1014
"71","1627215","Walter Lemon Jr.",101
"72","1627362","Briante Weber",237
"73","1627395","Julian Washburn",254
"74","1627732","Ben Simmons",2331.5
"75","1627733","Dragan Bender",1060.33333333333
"76","1627734","Domantas Sabonis",2035
"77","1627735","Wade Baldwin IV",87
"78","1627736","Malik Beasley",1357.2
"79","1627737","Marquese Chriss",884
"80","1627738","Deyonta Davis",530.5
"81","1627739","Kris Dunn",1117.25
"82","1627740","Henry Ellenson",294
"83","1627741","Buddy Hield",2337
"84","1627742","Brandon Ingram",1953.4
"85","1627743","Demetrius Jackson",59.5
"86","1627744","Brice Johnson",98
"87","1627745","Damian Jones",572.2
"88","1627746","Skal Labissiere",661
"89","1627747","Caris LeVert",1485.6
"90","1627748","Thon Maker",765.5
"91","1627749","Dejounte Murray",1975.75
"92","1627750","Jamal Murray",2155
"93","1627751","Jakob Poeltl",1540
"94","1627752","Taurean Prince",1584.4
"95","1627753","Zhou Qi",124
"96","1627755","Tyler Ulis",1658
"97","1627756","Denzel Valentine",960.25
"98","1627758","Ron Baker",268.5
"99","1627759","Jaylen Brown",2024.6
"100","1627761","DeAndre' Bembry",1059.8
"101","1627762","Joel Bolomboy",38
"102","1627763","Malcolm Brogdon",1614
"103","1627767","Cheick Diallo",652
"104","1627770","Kay Felder",140
"105","1627772","Daniel Hamilton",204
"106","1627774","Jake Layman",566.6
"107","1627775","Patrick McCaw",755.333333333333
"108","1627777","Georges Niang",865
"109","1627780","Gary Payton II",609.666666666667
"110","1627781","Malachi Richardson",213
"111","1627782","Wayne Selden",1064.5
"112","1627783","Pascal Siakam",2160.8
"113","1627784","Jarrod Uthoff",53
"114","1627785","Isaiah Whitehead",180
"115","1627786","Troy Williams",309.5
"116","1627788","Furkan Korkmaz",950.6
"117","1627789","Timothe Luwawu-Cabarrot",804
"118","1627790","Ante Zizic",505.666666666667
"119","1627812","Yogi Ferrell",1003.75
"120","1627814","Damion Lee",897.4
"121","1627816","Alex Poythress",204.5
"122","1627819","Isaiah Taylor",1167
"123","1627820","Tyrone Wallace",428.5
"124","1627821","James Webb III",120
"125","1627823","Juancho Hernangomez",750.2
"126","1627824","Guerschon Yabusele",243
"127","1627826","Ivica Zubac",1232.6
"128","1627827","Dorian Finney-Smith",1805
"129","1627832","Fred VanVleet",1906.6
"130","1627834","Georgios Papagiannis",122
"131","1627835","Paul Zipser",824
"132","1627846","Abdel Nader",516.6
"133","1627850","Marshall Plumlee",52
"134","1627853","Ryan Arcidiacono",911.25
"135","1627854","Bryn Forbes",1597
"136","1627855","Okaro White",80
"137","1627856","Matt Costello",32
"138","1627858","Kyle Collinsworth",480
"139","1627863","Danuel House Jr.",969.6
"140","1627875","Marcus Georges-Hunt",224
"141","1627883","Jalen Jones",197.5
"142","1627884","Derrick Jones Jr.",979.8
"143","1627885","Shaquille Harrison",657.5
"144","1627936","Alex Caruso",921.8
"145","1627982","Josh Gray",86
"146","1627988","Myke Henry",378
"147","1628021","David Nwaba",834.6
"148","1628035","Alfonzo McKinnie",422.6
"149","1628070","Jordan Loyd",55
"150","1628249","Mitchell Creek",47
"151","1628365","Markelle Fultz",634.8
"152","1628366","Lonzo Ball",1637.4
"153","1628367","Josh Jackson",1330.4
"154","1628368","De'Aaron Fox",2065.2
"155","1628369","Jayson Tatum",2425.6
"156","1628370","Malik Monk",1234.4
"157","1628371","Jonathan Isaac",1170.33333333333
"158","1628372","Dennis Smith Jr.",1030.4
"159","1628373","Frank Ntilikina",959.2
"160","1628374","Lauri Markkanen",1661.6
"161","1628378","Donovan Mitchell",2312
"162","1628379","Luke Kennard",1385.2
"163","1628380","Zach Collins",779
"164","1628381","John Collins",1697.6
"165","1628382","Justin Jackson",1185.25
"166","1628383","Justin Patton",247
"167","1628384","OG Anunoby",1607.2
"168","1628385","Harry Giles III",611.666666666667
"169","1628386","Jarrett Allen",1812.6
"170","1628387","Ike Anigbogu",30
"171","1628388","TJ Leaf",401
"172","1628389","Bam Adebayo",1920.6
"173","1628390","Terrance Ferguson",1317
"174","1628391","D.J. Wilson",437.25
"175","1628392","Isaiah Hartenstein",547.75
"176","1628393","Jawun Evans",421
"177","1628394","Anzejs Pasecniks",437
"178","1628395","Jordan Bell",483.75
"179","1628396","Tony Bradley",387.2
"180","1628397","Ivan Rabb",618.5
"181","1628398","Kyle Kuzma",2079.8
"182","1628399","Tyler Lydon",94
"183","1628400","Semi Ojeleye",822.2
"184","1628401","Derrick White",1345.2
"185","1628402","Frank Jackson",953.25
"186","1628403","Caleb Swanigan",218.333333333333
"187","1628404","Josh Hart",1614
"188","1628405","Johnathan Motley",124.333333333333
"189","1628407","Dwayne Bacon",1003
"190","1628408","P.J. Dozier",340
"192","1628409","Alec Peters",225
"193","1628410","Edmond Sumner",506
"194","1628411","Wes Iwundu",764.6
"195","1628412","Frank Mason",404
"196","1628413","Jonah Bolden",343
"197","1628414","Sindarius Thornwell",430.25
"198","1628415","Dillon Brooks",1524.8
"199","1628416","Tyler Dorsey",836
"200","1628417","Jaron Blossomgame",439
"201","1628418","Thomas Bryant",679
"202","1628419","Cameron Oliver",87
"203","1628420","Monte Morris",1745.75
"204","1628421","Devin Robinson",95
"205","1628422","Damyean Dotson",1055.25
"206","1628424","Kobi Simmons",643
"207","1628425","Sterling Brown",884
"208","1628427","Vlatko Cancar",159.333333333333
"209","1628429","Charles Cooke",38
"210","1628430","Nigel Williams-Goss",50
"211","1628432","Davon Reed",300
"212","1628436","Luke Kornet",416.8
"213","1628439","Isaiah Hicks",135.5
"214","1628443","Kadeem Allen",213.333333333333
"215","1628444","Jabari Bird",115
"216","1628449","Chris Boucher",1006.75
"217","1628451","Jacob Wiley",33
"218","1628455","Mike James",461
"219","1628462","Milos Teodosic",642
"220","1628463","Tyler Cavanaugh",278.5
"221","1628464","Daniel Theis",1180.2
"222","1628467","Maxi Kleber",1477.8
"223","1628469","Antonio Blakeney",571.5
"224","1628470","Torrey Craig",1105
"225","1628476","Derrick Walton Jr.",167.666666666667
"226","1628492","Gian Clavell",64
"227","1628495","Milton Doyle",125
"228","1628499","Antonius Cleveland",84
"229","1628502","Nigel Hayes",122
"230","1628503","Jamel Artis",279
"231","1628504","Xavier Rathan-Mayes",118
"232","1628506","London Perrantes",66
"233","1628510","Andrew White III",209
"234","1628513","Naz Mitrou-Long",65.5
"235","1628515","Isaiah Briscoe",559
"236","1628518","Amile Jefferson",71
"237","1628537","Jaylen Morris",63
"238","1628539","Mychal Mulder",388.333333333333
"239","1628605","Dusty Hannahs",26
"240","1628656","Billy Garrett",63
"241","1628681","Rodney Purvis",290
"242","1628778","Paul Watson",180
"243","1628935","Aaron Jackson",34
"244","1628959","Rawle Alkins",120
"245","1628960","Grayson Allen",1043.25
"246","1628961","Kostas Antetokounmpo",56
"247","1628962","Udoka Azubuike",126
"248","1628963","Marvin Bagley III",1039.75
"249","1628964","Mo Bamba",1033
"250","1628966","Keita Bates-Diop",593
"251","1628968","Brian Bowen II",31
"252","1628969","Mikal Bridges",2393.25
"253","1628970","Miles Bridges",2086
"254","1628971","Bruce Brown",1541.25
"255","1628972","Troy Brown Jr.",1005
"256","1628973","Jalen Brunson",1688
"257","1628975","Jevon Carter",770.5
"258","1628976","Wendell Carter Jr.",1398.25
"259","1628977","Hamidou Diallo",979.25
"260","1628978","Donte DiVincenzo",1168.5
"261","1628980","Jacob Evans",311
"262","1628981","Bruno Fernando",364
"263","1628982","Melvin Frazier Jr.",85
"264","1628983","Shai Gilgeous-Alexander",1931.25
"265","1628984","Devonte' Graham",1663
"266","1628985","Devon Hall",81
"267","1628987","Kevin Hervey",52
"268","1628988","Aaron Holiday",1099.25
"269","1628989","Kevin Huerter",2000.75
"270","1628990","Chandler Hutchison",589.333333333333
"271","1628991","Jaren Jackson Jr.",1359.25
"272","1628993","Alize Johnson",134.5
"273","1628995","Kevin Knox",2158
"275","1628997","Caleb Martin",818
"276","1628998","Cody Martin",1172
"277","1629001","De'Anthony Melton",1188.25
"278","1629002","Chimezie Metu",484.5
"279","1629003","Shake Milton",905
"280","1629004","Svi Mykhailiuk",934.25
"281","1629006","Josh Okogie",1244.75
"282","1629008","Michael Porter Jr.",1026.66666666667
"283","1629010","Jerome Robinson",534.666666666667
"284","1629011","Mitchell Robinson",1368.25
"285","1629012","Collin Sexton",1794.75
"286","1629013","Landry Shamet",1500.5
"287","1629014","Anfernee Simons",1093.5
"288","1629015","Zhaire Smith",71.5
"289","1629016","Omari Spellman",845.5
"290","1629017","Khyri Thomas",136.333333333333
"291","1629018","Gary Trent Jr.",1387.5
"292","1629019","Allonzo Trier",874.5
"293","1629020","Jarred Vanderbilt",767.25
"294","1629021","Moritz Wagner",721
"295","1629022","Lonnie Walker IV",1048.25
"296","1629023","P.J. Washington",1787
"297","1629026","Kenrich Williams",1102.25
"298","1629027","Trae Young",2313.75
"299","1629028","Deandre Ayton",1796.5
"300","1629029","Luka Doncic",2207
"301","1629033","Theo Pinson",232
"302","1629034","Ray Spalding",148
"303","1629035","Carsen Edwards",313.5
"304","1629045","Bonzie Colson",98
"305","1629048","Goga Bitadze",587
"306","1629052","Oshae Brissett",707.666666666667
"307","1629056","Terence Davis",939.666666666667
"308","1629057","Robert Williams III",865
"309","1629058","Dzanan Musa",263
"310","1629059","Elie Okobo",838.5
"311","1629060","Rui Hachimura",1351.66666666667
"312","1629061","Deng Adel",194
"313","1629065","Ky Bowman",1015
"314","1629066","Rodions Kurucs",701
"315","1629067","Isaac Bonga",467.75
"316","1629076","Tyler Cook",229
"317","1629094","Marcus Derrickson",67
"318","1629102","Brandon Sampson",214
"319","1629103","Kelan Martin",422.333333333333
"320","1629109","Gary Clark",548.5
"321","1629111","Jock Landale",556
"322","1629117","Wenyen Gabriel",248.666666666667
"323","1629118","Thomas Welsh",36
"324","1629121","Jaylen Adams",428
"325","1629123","Jared Terrell",111
"326","1629126","Deonte Burton",298
"327","1629130","Duncan Robinson",1641
"328","1629133","Daryl Macon",90
"329","1629134","Kendrick Nunn",1806
"330","1629139","Yuta Watanabe",356
"331","1629140","Johnathan Williams",276
"332","1629147","Joe Chealey",33
"333","1629151","Ryan Broekhoff",316.5
"334","1629162","Jordan McLaughlin",789.333333333333
"335","1629164","Brandon Goodwin",399.75
"336","1629168","BJ Johnson",66
"337","1629185","Chris Chiozza",259.5
"338","1629203","Jemerrio Jones",143
"339","1629216","Gabe Vincent",758.333333333333
"340","1629234","Drew Eubanks",573
"341","1629244","Cameron Reynolds",259
"342","1629308","Juan Toscano-Anderson",782.333333333333
"343","1629312","Haywood Highsmith",80
"344","1629346","Alen Smailagic",111.5
"345","1629353","Isaac Humphries",56
"346","1629541","Dairis Bertans",167
"347","1629597","Zylan Cheatham",51
"348","1629598","Chris Clemons",291
"349","1629599","Amir Coffey",688.333333333333
"350","1629603","Mamadi Diakite",164.5
"351","1629604","CJ Elleby",622
"352","1629605","Tacko Fall",84.5
"353","1629606","Robert Franks",101
"354","1629610","DaQuan Jeffries",317
"355","1629611","Terance Mann",1292
"356","1629617","Reggie Perry",157
"357","1629620","Justin Robinson",147
"358","1629622","Max Strus",1024
"359","1629623","Lindell Wigginton",151
"360","1629625","Justin Wright-Foreman",45
"361","1629626","Bol Bol",109.333333333333
"362","1629627","Zion Williamson",1347
"363","1629628","RJ Barrett",2190.66666666667
"364","1629629","Cam Reddish",1104.33333333333
"365","1629630","Ja Morant",1996.33333333333
"366","1629631","De'Andre Hunter",1383.66666666667
"367","1629632","Coby White",1803.66666666667
"368","1629633","Jarrett Culver",770.333333333333
"369","1629634","Brandon Clarke",1303.33333333333
"370","1629635","Sekou Doumbouya",811.5
"371","1629636","Darius Garland",1979.66666666667
"372","1629637","Jaxson Hayes",1115.66666666667
"373","1629638","Nickeil Alexander-Walker",1014.66666666667
"374","1629639","Tyler Herro",1742.33333333333
"375","1629640","Keldon Johnson",1520
"376","1629641","Romeo Langford",467.666666666667
"377","1629642","Nassir Little",767
"378","1629643","Chuma Okeke",1392.5
"379","1629644","KZ Okpala",345.5
"380","1629645","Kevin Porter Jr.",1261
"381","1629646","Charles Bassey",168
"382","1629647","Darius Bazley",1589.33333333333
"383","1629648","Jordan Bone",124.5
"384","1629649","Ignas Brazdeikis",248.333333333333
"385","1629650","Moses Brown",419
"386","1629651","Nic Claxton",885
"388","1629652","Luguentz Dort",1342.66666666667
"389","1629653","Devon Dotson",85
"390","1629655","Daniel Gafford",917
"391","1629656","Quentin Grimes",786
"392","1629657","Kyle Guy",210.5
"393","1629658","Jaylen Hoard",211.5
"394","1629659","Talen Horton-Tucker",930
"395","1629660","Ty Jerome",639
"396","1629661","Cameron Johnson",1440
"397","1629662","Mfiondu Kabengele",172
"398","1629663","Louis King",83.6666666666667
"399","1629665","Jalen Lecque",32
"400","1629667","Jalen McDaniels",673
"401","1629668","Zach Norvell Jr.",41
"402","1629669","Jaylen Nowell",612.666666666667
"403","1629670","Jordan Nwora",702.5
"404","1629671","Miye Oni",314
"405","1629672","Eric Paschall",1024.33333333333
"406","1629673","Jordan Poole",1483.33333333333
"407","1629674","Neemias Queta",71
"408","1629675","Naz Reid",1002.33333333333
"409","1629676","Isaiah Roby",1136
"410","1629677","Luka Samanic",178
"411","1629678","Admiral Schofield",398
"412","1629680","Matisse Thybulle",1397
"413","1629681","Killian Tillie",321.5
"414","1629682","Tremont Waters",178.5
"415","1629683","Quinndary Weatherspoon",89.3333333333333
"416","1629684","Grant Williams",1324.66666666667
"417","1629685","Dylan Windler",476
"418","1629686","Deividas Sirvydis",133
"419","1629690","Adam Mokoka",112
"420","1629713","Justin James",271
"421","1629714","Jarrell Brantley",117
"422","1629717","Armoni Brooks",665.5
"424","1629718","Charlie Brown Jr.",165
"425","1629719","Devontae Cacok",96
"426","1629723","John Konchar",656
"427","1629724","Vic Law",62
"428","1629725","Jeremiah Martin",87
"429","1629726","Garrison Mathews",965.666666666667
"430","1629730","Rayjon Tucker",114.5
"431","1629731","Dean Wade",754.333333333333
"432","1629735","Chris Silva",176.333333333333
"433","1629738","Vincent Poirier",130
"434","1629740","Nicolo Melli",804
"435","1629741","Marko Guduric",484
"436","1629743","Donta Hall",156
"437","1629744","Matt Thomas",408.666666666667
"438","1629750","Javonte Green",787.666666666667
"439","1629751","Dakota Mathias",123
"440","1629752","Juwan Morgan",140.5
"441","1629755","Hassani Gravett",171
"442","1629833","Keljin Blevins",183
"443","1629875","Xavier Moon",105
"444","1629962","Devin Cannady",74
"445","1630162","Anthony Edwards",2345
"446","1630163","LaMelo Ball",1882
"447","1630164","James Wiseman",836
"448","1630165","Killian Hayes",1124.5
"449","1630166","Deni Avdija",1557.5
"450","1630167","Obi Toppin",895.5
"451","1630168","Onyeka Okongwu",756
"452","1630169","Tyrese Haliburton",2163.5
"453","1630170","Devin Vassell",1448.5
"454","1630171","Isaac Okoro",2039.5
"455","1630172","Patrick Williams",1140
"456","1630173","Precious Achiuwa",1179.5
"457","1630174","Aaron Nesmith",605
"458","1630175","Cole Anthony",1666
"459","1630176","Vernon Carey Jr.",115
"460","1630177","Theo Maledon",1343
"461","1630178","Tyrese Maxey",1728
"462","1630180","Saddiq Bey",2267
"463","1630181","R.J. Hampton",1096
"464","1630182","Josh Green",714.5
"465","1630183","Jaden McDaniels",1630
"466","1630184","Kira Lewis Jr.",622.5
"467","1630185","Nico Mannion",364
"468","1630186","Jahmi'us Ramsey",114
"469","1630187","Daniel Oturu",161
"470","1630188","Jalen Smith",525.5
"471","1630189","Tyler Bey",71
"472","1630190","Elijah Hughes",215.5
"473","1630191","Isaiah Stewart",1601.5
"474","1630192","Zeke Nnaji",534
"475","1630193","Immanuel Quickley",1470.5
"476","1630194","Paul Reed",218.5
"477","1630195","Leandro Bolmaro",223
"478","1630197","Aleksej Pokusevski",1161.5
"479","1630198","Isaiah Joe",477.5
"480","1630199","Cassius Stanley",124
"481","1630200","Tre Jones",650.5
"482","1630201","Malachi Flynn",703.5
"483","1630202","Payton Pritchard",1108.5
"484","1630205","Lamar Stevens",728
"485","1630206","Jay Scrubb",102.5
"486","1630207","Nate Hinton",93
"487","1630208","Nick Richards",211
"488","1630209","Omer Yurtseven",655
"489","1630210","Markus Howard",177
"490","1630211","Karim Mane",88
"491","1630214","Xavier Tillman",861
"492","1630215","Jared Butler",304
"493","1630216","Cassius Winston",98
"494","1630217","Desmond Bane",1852.5
"495","1630219","Skylar Mays",242.5
"496","1630221","Josh Hall",336
"497","1630222","Mason Jones",334
"498","1630223","Jalen Harris",172
"499","1630224","Jalen Green",2021
"500","1630227","Daishen Nix",240
"501","1630228","Jonathan Kuminga",1126
"502","1630230","Naji Marshall",681
"503","1630231","Kenyon Martin Jr.",1332.5
"504","1630233","Nathan Knight",265
"505","1630235","Trent Forrest",527.5
"506","1630237","Anthony Lamb",415
"507","1630240","Saben Lee",667.5
"508","1630241","Sam Merrill",233
"509","1630243","Trevelin Queen",74
"510","1630245","Ayo Dosunmu",1990
"511","1630249","Vit Krejci",551
"512","1630253","Sean McDermott",158
"513","1630256","Jae'Sean Tate",2007
"514","1630264","Anthony Gill",316.5
"515","1630267","Facundo Campazzo",1299
"516","1630271","Brodric Thomas",399
"517","1630273","Freddie Gillespie",255.5
"518","1630288","Jeff Dowtin",108
"519","1630296","Braxton Key",136
"520","1630314","Brandon Williams",567
"521","1630322","Lindy Waters III",434
"522","1630466","Gabriel Deck",212
"523","1630526","Jeremiah Robinson-Earl",1071
"524","1630527","Brandon Boston Jr.",722
"525","1630528","Josh Christopher",1254
"526","1630529","Herbert Jones",2259
"527","1630530","Trey Murphy III",785
"528","1630532","Franz Wagner",2422
"529","1630533","Ziaire Williams",1243
"530","1630535","Greg Brown III",548
"531","1630537","Chris Duarte",1541
"532","1630538","Bones Hyland",1248
"533","1630540","Miles McBride",347
"534","1630541","Moses Moody",586
"535","1630543","Isaiah Jackson",454
"536","1630544","Tre Mann",1367
"537","1630547","James Bouknight",296
"538","1630549","Day'Ron Sharpe",391
"539","1630550","JT Thor",246
"540","1630551","Justin Champagnie",274
"541","1630552","Jalen Johnson",111
"542","1630553","Keon Johnson",564
"543","1630556","Kessler Edwards",882
"544","1630557","Corey Kispert",1686
"545","1630558","Davion Mitchell",1958
"546","1630559","Austin Reaves",1284
"547","1630560","Cam Thomas",1145
"548","1630561","David Duke Jr.",340
"549","1630563","Joshua Primo",860
"550","1630567","Scottie Barnes",2486
"551","1630568","Luka Garza",358
"552","1630570","Trendon Watford",869
"553","1630572","Sandro Mamukelashvili",354
"554","1630573","Sam Hauser",125
"555","1630578","Alperen Sengun",1386
"556","1630579","Jericho Sims",447
"557","1630580","Joe Wieskamp",162
"558","1630581","Josh Giddey",1700
"559","1630583","Santi Aldama",319
"560","1630585","Marcus Garrett",128
"561","1630586","Usman Garuba",199
"562","1630587","Isaiah Livers",315
"563","1630591","Jalen Suggs",1273
"564","1630595","Cade Cunningham",2011
"565","1630596","Evan Mobley",2274
"566","1630598","Aaron Wiggins",1209
"567","1630602","Chaundee Brown Jr.",104
"568","1630606","Javonte Smart",164
"569","1630613","Duane Washington Jr.",901
"570","1630625","Dalano Banton",691
"571","1630631","Jose Alvarado",752
"572","1630678","Terry Taylor",632
"573","1630688","Ish Wainright",301
"574","1630691","Jamorko Pickett",133
"575","1630698","Kevin Pangos",166
"576","1630758","Aleem Ford",74
"577","1630792","Malcolm Hill",197
"578","1630846","Olivier Sarr",382
"579","1713","Vince Carter",1077.33333333333
"580","1717","Dirk Nowitzki",1347.5
"581","1891","Jason Terry",814
"582","1938","Manu Ginobili",1299
"583","200746","LaMarcus Aldridge",1730.2
"584","200752","Rudy Gay",1374.6
"585","200755","JJ Redick",1699.75
"586","200757","Thabo Sefolosha",617
"587","200765","Rajon Rondo",1095.4
"588","200768","Kyle Lowry",2104.8
"590","200782","PJ Tucker",2541.5
"591","200794","Paul Millsap",1163.4
"592","200826","J.J. Barea",935
"593","201142","Kevin Durant",2017.5
"594","201143","Al Horford",1801.8
"595","201144","Mike Conley",1508.2
"596","201145","Jeff Green",1703.6
"597","201147","Corey Brewer",577.666666666667
"598","201148","Brandan Wright",381
"599","201149","Joakim Noah",261
"600","201152","Thaddeus Young",1818.8
"601","201156","Nick Young",715
"602","201158","Marco Belinelli",1548.33333333333
"603","201160","Jason Smith",238
"604","201162","Jared Dudley",587.75
"605","201163","Wilson Chandler",1418.66666666667
"606","201166","Aaron Brooks",189
"607","201167","Arron Afflalo",682
"608","201188","Marc Gasol",1749.5
"609","201196","Ramon Sessions",392
"610","201229","Anthony Tolliver",948.75
"611","201281","Andre Ingram",64
"612","201563","Michael Beasley",965
"613","201565","Derrick Rose",1002.4
"614","201566","Russell Westbrook",2521.2
"615","201567","Kevin Love",1251
"616","201568","Danilo Gallinari",1471.8
"617","201569","Eric Gordon",1557.4
"618","201571","D.J. Augustin",1476.4
"619","201572","Brook Lopez",1600
"620","201573","Jerryd Bayless",791
"621","201577","Robin Lopez",1234
"622","201578","Marreese Speights",675
"623","201580","JaVale McGee",1039.2
"624","201583","Ryan Anderson",1023
"625","201584","Courtney Lee",1027.66666666667
"626","201585","Kosta Koufos",946.5
"627","201586","Serge Ibaka",1481.8
"628","201587","Nicolas Batum",1618
"629","201588","George Hill",1252.6
"630","201589","Darrell Arthur",141
"631","201596","Mario Chalmers",1421
"632","201599","DeAndre Jordan",1508.2
"633","201600","Omer Asik",182
"634","201601","Luc Mbah a Moute",812.5
"635","201609","Goran Dragic",1373.2
"636","201628","Bobby Brown",115
"637","201933","Blake Griffin",1449.8
"638","201935","James Harden",2362.2
"639","201936","Tyreke Evans",1504.5
"640","201937","Ricky Rubio",1782.2
"641","201939","Stephen Curry",1692.8
"642","201942","DeMar DeRozan",2483
"643","201943","Brandon Jennings",205
"644","201949","James Johnson",1193.2
"645","201950","Jrue Holiday",2292
"646","201952","Jeff Teague",1497.25
"647","201954","Darren Collison",2080.5
"648","201956","Omri Casspi",631
"649","201959","Taj Gibson",1452.4
"650","201960","DeMarre Carroll",1391
"651","201961","Wayne Ellington",1130
"652","201967","Dante Cunningham",1245
"653","201973","Jonas Jerebko",1176
"654","201975","Jodie Meeks",611.5
"655","201976","Patrick Beverley",1215.6
"656","201980","Danny Green",1775
"657","201988","Patty Mills",1885.4
"658","202066","Garrett Temple",1594.6
"659","202083","Wesley Matthews",1583.6
"660","202322","John Wall",1267.33333333333
"661","202323","Evan Turner",1297
"662","202324","Derrick Favors",1370.8
"663","202325","Wesley Johnson",1010
"664","202326","DeMarcus Cousins",975.75
"665","202327","Ekpe Udoh",565
"666","202328","Greg Monroe",564.333333333333
"667","202329","Al-Farouq Aminu",1294.5
"668","202330","Gordon Hayward",1665.75
"669","202331","Paul George",1997.6
"670","202332","Cole Aldrich",49
"671","202334","Ed Davis",743.8
"672","202335","Patrick Patterson",872.25
"673","202337","Luke Babbitt",715
"674","202339","Eric Bledsoe",1942.4
"675","202340","Avery Bradley",1302.8
"676","202344","Trevor Booker",1158
"677","202347","Quincy Pondexter",244
"678","202348","Jordan Crawford",53
"679","202355","Hassan Whiteside",1337.8
"680","202357","Nemanja Bjelica",1370.6
"681","202362","Lance Stephenson",1246.66666666667
"682","202389","Timofey Mozgov",359
"683","202391","Jeremy Lin",1436
"684","202397","Ish Smith",1409
"685","202498","Lance Thomas",744.666666666667
"686","202681","Kyrie Irving",1523.6
"688","202683","Enes Kanter",1552.75
"689","202684","Tristan Thompson",1221.8
"690","202685","Jonas Valanciunas",1726.2
"691","202687","Bismack Biyombo",1020.2
"692","202688","Brandon Knight",599.5
"693","202689","Kemba Walker",1931.6
"694","202690","Jimmer Fredette",65
"695","202691","Klay Thompson",2010.66666666667
"696","202692","Alec Burks",1530
"697","202693","Markieff Morris",1185
"698","202694","Marcus Morris",1766.5
"700","202695","Kawhi Leonard",1467.75
"701","202696","Nikola Vucevic",2176.6
"702","202697","Iman Shumpert",666
"703","202699","Tobias Harris",2482.4
"704","202702","Kenneth Faried",594.5
"705","202703","Nikola Mirotic",1369.5
"706","202704","Reggie Jackson",1612.2
"707","202705","MarShon Brooks",290
"708","202709","Cory Joseph",1815.6
"709","202710","Jimmy Butler",1982.2
"710","202711","Bojan Bogdanovic",2273.8
"711","202713","Kyle Singler",59
"712","202714","Shelvin Mack",1306
"713","202718","Chandler Parsons",413.666666666667
"714","202720","Jon Leuer",269
"715","202722","Davis Bertans",1305
"716","202732","DeAndre Liggins",723
"717","202734","E'Twaun Moore",1364.5
"718","202738","Isaiah Thomas",565
"719","202779","Dwight Buycks",427
"720","202933","Julyan Stone",175
"721","202951","Jeremy Pargo",44
"722","202954","Brad Wanamaker",771.25
"723","203076","Anthony Davis",1847.8
"724","203077","Michael Kidd-Gilchrist",1103.33333333333
"725","203078","Bradley Beal",2328.8
"726","203079","Dion Waiters",754.333333333333
"727","203081","Damian Lillard",2287.2
"728","203082","Terrence Ross",1486.8
"729","203083","Andre Drummond",1949.6
"730","203084","Harrison Barnes",2453.8
"731","203085","Austin Rivers",1584.8
"732","203086","Meyers Leonard",722
"733","203087","Jeremy Lamb",1428.6
"734","203089","John Henson",919.333333333333
"735","203090","Maurice Harkless",1148.2
"736","203092","Tyler Zeller",603
"737","203095","Evan Fournier",1998.8
"738","203098","John Jenkins",333
"739","203101","Miles Plumlee",545.5
"740","203104","Marquis Teague",74
"741","203107","Tomas Satoransky",1562.4
"742","203109","Jae Crowder",1923.2
"743","203110","Draymond Green",1760.4
"744","203112","Quincy Acy",741
"745","203114","Khris Middleton",2308.8
"746","203115","Will Barton",1946.2
"747","203118","Mike Scott",1215.25
"748","203121","Darius Miller",1299.66666666667
"749","203124","Kyle O'Quinn",690.333333333333
"750","203141","Mirza Teletovic",159
"751","203145","Kent Bazemore",1397
"752","203186","Willie Reed",428
"753","203200","Justin Holiday",2174.2
"754","203210","JaMychal Green",1274
"755","203263","James Nunnally",102
"756","203382","Aron Baynes",1055
"757","203457","Nerlens Noel",952.6
"758","203458","Alex Len",1101.8
"759","203459","Allen Crabbe",1326
"760","203460","Andre Roberson",395.666666666667
"761","203463","Ben McLemore",990.4
"762","203464","Brandon Paul",576
"763","203468","CJ McCollum",2301
"764","203469","Cody Zeller",914.2
"765","203471","Dennis Schroder",2036.8
"766","203473","Dewayne Dedmon",1037
"767","203476","Gorgui Dieng",876.8
"768","203477","Isaiah Canaan",525
"769","203481","Jeff Withey",39
"770","203482","Kelly Olynyk",1525.8
"771","203484","Kentavious Caldwell-Pope",2086.6
"772","203485","Lorenzo Brown",175.5
"773","203486","Mason Plumlee",1488.8
"774","203487","Michael Carter-Williams",710
"775","203488","Mike Muscala",835
"776","203490","Otto Porter Jr.",1280.2
"777","203493","Reggie Bullock",1612.2
"778","203496","Robert Covington",1999.8
"779","203497","Rudy Gobert",2182
"780","203498","Shabazz Muhammad",418
"781","203499","Shane Larkin",775
"782","203500","Steven Adams",2073.2
"783","203501","Tim Hardaway Jr.",1853.4
"784","203503","Tony Snell",1353.6
"785","203504","Trey Burke",752.2
"786","203505","Vander Blue",45
"787","203506","Victor Oladipo",1089
"788","203507","Giannis Antetokounmpo",2231.8
"789","203512","Lucas Nogueira",418
"790","203516","James Ennis III",1271.5
"791","203518","Alex Abrines",861
"792","203521","Matthew Dellavedova",642.25
"793","203524","Solomon Hill",761
"794","203526","Raul Neto",873.6
"795","203530","Joffrey Lauvergne",534
"796","203546","Ian Clark",1213.5
"797","203552","Seth Curry",1672
"798","203580","Larry Drew II",70
"799","203584","Troy Daniels",971.333333333333
"800","203585","Rodney McGruder",723.8
"801","203613","Jonathon Simmons",1546.5
"802","203648","Thanasis Antetokounmpo",367.666666666667
"803","203658","Norvel Pelle",157.5
"804","2037","Jamal Crawford",1426
"805","203705","Josh Magette",127
"806","203710","C.J. Williams",417
"807","203894","Shabazz Napier",1287.33333333333
"808","203895","Jordan McRae",559
"809","203897","Zach LaVine",1843.4
"810","203898","Tyler Ennis",683
"811","203900","Markel Brown",31
"812","203901","Elfrid Payton",1262.8
"813","203903","Jordan Clarkson",1930.8
"814","203914","Gary Harris",1706.6
"815","203915","Spencer Dinwiddie",1640.2
"816","203917","Nik Stauskas",769
"817","203918","Rodney Hood",1151
"818","203920","Khem Birch",916
"819","203922","Glenn Robinson III",775.75
"820","203923","James Young",61
"821","203924","Jerami Grant",1896
"822","203925","Joe Harris",1791
"823","203926","Doug McDermott",1464.4
"824","203930","Sean Kilpatrick",640
"825","203932","Aaron Gordon",2049.8
"826","203933","T.J. Warren",1452.25
"827","203935","Marcus Smart",1905.6
"828","203937","Kyle Anderson",1574.8
"829","203939","Dwight Powell",1415.2
"830","203940","Adreian Payne",43
"831","203943","Noah Vonleh",992
"832","203944","Julius Randle",2342.6
"833","203948","Johnny O'Bryant III",379
"834","203952","Andrew Wiggins",2402.4
"835","203953","Jabari Parker",732.6
"836","203954","Joel Embiid",1868.2
"837","203957","Dante Exum",375.25
"838","203960","JaKarr Sampson",314.5
"839","203961","Eric Moreland",424
"840","203962","Josh Huestis",981
"841","203966","Jamil Wilson",274
"842","203967","Dario Saric",1705.75
"843","203991","Clint Capela",1878.8
"844","203992","Bogdan Bogdanovic",1783.4
"845","203994","Jusuf Nurkic",1354.8
"846","203998","Bruno Caboclo",383.333333333333
"847","203999","Nikola Jokic",2434.2
"848","204001","Kristaps Porzingis",1528.75
"849","204020","Tyler Johnson",1013
"850","204022","Jack Cooley",87
"851","204025","Tim Frazier",516.6
"852","204028","Tarik Black",536
"853","204037","Travis Wear",228
"854","204038","Langston Galloway",971
"855","204060","Joe Ingles",2054.6
"856","204066","John Holland",174
"857","204179","Omari Johnson",75
"858","204456","T.J. McConnell",1375.8
"859","2199","Tyson Chandler",748.333333333333
"860","2200","Pau Gasol",1086.5
"861","2207","Joe Johnson",1205
"862","2210","Richard Jefferson",163
"863","2216","Zach Randolph",1508
"864","2225","Tony Parker",1037
"865","2403","Nene",652
"866","2544","LeBron James",2173.4
"867","2546","Carmelo Anthony",1631.2
"868","2548","Dwyane Wade",1710.5
"869","2555","Nick Collison",75
"870","2561","David West",999
"871","2585","Zaza Pachulia",925
"872","2594","Kyle Korver",1289.33333333333
"873","2617","Udonis Haslem",63.3333333333333
"874","2730","Dwight Howard",1219.6
"875","2731","Emeka Okafor",353
"876","2733","Shaun Livingston",1048
"877","2734","Devin Harris",1205.5
"878","2736","Luol Deng",380
"879","2738","Andre Iguodala",1104.4
"880","2744","Al Jefferson",484
"881","2747","JR Smith",848.333333333333
"882","2749","Jameer Nelson",1013
"883","2754","Tony Allen",272
"884","2772","Trevor Ariza",1482.6
"885","2863","Damien Wilkins",152
